NAME,TYPE,STATUS,COMMENT,COUNT,AVG_COUNT,MAX_COUNT,MIN_COUNT,SUBSYSTEM,TIME_RESET,COUNT_RESET,TIME_ELAPSED,TIME_ENABLED,TIME_DISABLED,AVG_COUNT_RESET,MAX_COUNT_RESET,MIN_COUNT_RESET
metadata_table_handles_opened,counter,disabled,Number of table handles opened,0,NULL,NULL,NULL,metadata,NULL,0,NULL,NULL,NULL,NULL,NULL,NULL
metadata_table_handles_closed,counter,disabled,Number of table handles closed,0,NULL,NULL,NULL,metadata,NULL,0,NULL,NULL,NULL,NULL,NULL,NULL
metadata_table_reference_count,counter,disabled,Table reference counter,0,NULL,NULL,NULL,metadata,NULL,0,NULL,NULL,NULL,NULL,NULL,NULL
lock_deadlocks,counter,enabled,Number of deadlocks,0,0,NULL,NULL,lock,NULL,0,19861,2020-11-11 18:52:25,NULL,NULL,NULL,NULL
lock_timeouts,counter,enabled,Number of lock timeouts,0,0,NULL,NULL,lock,NULL,0,19861,2020-11-11 18:52:25,NULL,NULL,NULL,NULL
lock_rec_lock_waits,counter,disabled,Number of times enqueued into record lock wait queue,0,NULL,NULL,NULL,lock,NULL,0,NULL,NULL,NULL,NULL,NULL,NULL
lock_table_lock_waits,counter,disabled,Number of times enqueued into table lock wait queue,0,NULL,NULL,NULL,lock,NULL,0,NULL,NULL,NULL,NULL,NULL,NULL
lock_rec_lock_requests,counter,disabled,Number of record locks requested,0,NULL,NULL,NULL,lock,NULL,0,NULL,NULL,NULL,NULL,NULL,NULL
lock_rec_lock_created,counter,disabled,Number of record locks created,0,NULL,NULL,NULL,lock,NULL,0,NULL,NULL,NULL,NULL,NULL,NULL
lock_rec_lock_removed,counter,disabled,Number of record locks removed from the lock queue,0,NULL,NULL,NULL,lock,NULL,0,NULL,NULL,NULL,NULL,NULL,NULL
lock_rec_locks,counter,disabled,Current number of record locks on tables,0,NULL,NULL,NULL,lock,NULL,0,NULL,NULL,NULL,NULL,NULL,NULL
lock_table_lock_created,counter,disabled,Number of table locks created,0,NULL,NULL,NULL,lock,NULL,0,NULL,NULL,NULL,NULL,NULL,NULL
lock_table_lock_removed,counter,disabled,Number of table locks removed from the lock queue,0,NULL,NULL,NULL,lock,NULL,0,NULL,NULL,NULL,NULL,NULL,NULL
lock_table_locks,counter,disabled,Current number of table locks on tables,0,NULL,NULL,NULL,lock,NULL,0,NULL,NULL,NULL,NULL,NULL,NULL
lock_row_lock_current_waits,status_counter,enabled,Number of row locks currently being waited for (innodb_row_lock_current_waits),0,0,0,NULL,lock,NULL,0,19861,2020-11-11 18:52:25,NULL,NULL,0,NULL
lock_row_lock_time,status_counter,enabled,"Time spent in acquiring row locks, in milliseconds (innodb_row_lock_time)",0,0,0,NULL,lock,NULL,0,19861,2020-11-11 18:52:25,NULL,NULL,0,NULL
lock_row_lock_time_max,value,enabled,"The maximum time to acquire a row lock, in milliseconds (innodb_row_lock_time_max)",0,NULL,0,0,lock,NULL,0,19861,2020-11-11 18:52:25,NULL,NULL,0,0
lock_row_lock_waits,status_counter,enabled,Number of times a row lock had to be waited for (innodb_row_lock_waits),0,0,0,NULL,lock,NULL,0,19861,2020-11-11 18:52:25,NULL,NULL,0,NULL
lock_row_lock_time_avg,value,enabled,"The average time to acquire a row lock, in milliseconds (innodb_row_lock_time_avg)",0,NULL,0,0,lock,NULL,0,19861,2020-11-11 18:52:25,NULL,NULL,0,0
buffer_pool_size,value,enabled,Server buffer pool size (all buffer pools) in bytes,134217728,NULL,134217728,134217728,server,NULL,134217728,19861,2020-11-11 18:52:25,NULL,NULL,134217728,134217728
buffer_pool_reads,status_counter,enabled,Number of reads directly from disk (innodb_buffer_pool_reads),222,0.011177684910125371,222,NULL,buffer,NULL,222,19861,2020-11-11 18:52:25,NULL,NULL,222,NULL
buffer_pool_read_requests,status_counter,enabled,Number of logical read requests (innodb_buffer_pool_read_requests),30581,1.5397512713357837,30581,NULL,buffer,NULL,30581,19861,2020-11-11 18:52:25,NULL,NULL,30581,NULL
buffer_pool_write_requests,status_counter,enabled,Number of write requests (innodb_buffer_pool_write_requests),1597,0.08040884144806404,1597,NULL,buffer,NULL,1597,19861,2020-11-11 18:52:25,NULL,NULL,1597,NULL
buffer_pool_wait_free,status_counter,enabled,Number of times waited for free buffer (innodb_buffer_pool_wait_free),0,0,0,NULL,buffer,NULL,0,19861,2020-11-11 18:52:25,NULL,NULL,0,NULL
buffer_pool_read_ahead,status_counter,enabled,Number of pages read as read ahead (innodb_buffer_pool_read_ahead),0,0,0,NULL,buffer,NULL,0,19861,2020-11-11 18:52:25,NULL,NULL,0,NULL
buffer_pool_read_ahead_evicted,status_counter,enabled,Read-ahead pages evicted without being accessed (innodb_buffer_pool_read_ahead_evicted),0,0,0,NULL,buffer,NULL,0,19861,2020-11-11 18:52:25,NULL,NULL,0,NULL
buffer_pool_pages_total,value,enabled,Total buffer pool size in pages (innodb_buffer_pool_pages_total),8192,NULL,8192,8192,buffer,NULL,8192,19861,2020-11-11 18:52:25,NULL,NULL,8192,8192
buffer_pool_pages_misc,value,enabled,Buffer pages for misc use such as row locks or the adaptive hash index (innodb_buffer_pool_pages_misc),2,NULL,2,2,buffer,NULL,2,19861,2020-11-11 18:52:25,NULL,NULL,2,2
buffer_pool_pages_data,value,enabled,Buffer pages containing data (innodb_buffer_pool_pages_data),354,NULL,354,354,buffer,NULL,354,19861,2020-11-11 18:52:25,NULL,NULL,354,354
buffer_pool_bytes_data,value,enabled,Buffer bytes containing data (innodb_buffer_pool_bytes_data),5799936,NULL,5799936,5799936,buffer,NULL,5799936,19861,2020-11-11 18:52:25,NULL,NULL,5799936,5799936
buffer_pool_pages_dirty,value,enabled,Buffer pages currently dirty (innodb_buffer_pool_pages_dirty),0,NULL,0,0,buffer,NULL,0,19861,2020-11-11 18:52:25,NULL,NULL,0,0
buffer_pool_bytes_dirty,value,enabled,Buffer bytes currently dirty (innodb_buffer_pool_bytes_dirty),0,NULL,0,0,buffer,NULL,0,19861,2020-11-11 18:52:25,NULL,NULL,0,0
buffer_pool_pages_free,value,enabled,Buffer pages currently free (innodb_buffer_pool_pages_free),7836,NULL,7836,7836,buffer,NULL,7836,19861,2020-11-11 18:52:25,NULL,NULL,7836,7836
buffer_pages_created,status_counter,enabled,Number of pages created (innodb_pages_created),133,0.006696203806263216,133,NULL,buffer,NULL,133,19862,2020-11-11 18:52:25,NULL,NULL,133,NULL
buffer_pages_written,status_counter,enabled,Number of pages written (innodb_pages_written),327,0.016463598831940388,327,NULL,buffer,NULL,327,19862,2020-11-11 18:52:25,NULL,NULL,327,NULL
buffer_index_pages_written,status_counter,enabled,Number of index pages written (innodb_index_pages_written),0,0,0,NULL,buffer,NULL,0,19862,2020-11-11 18:52:25,NULL,NULL,0,NULL
buffer_non_index_pages_written,status_counter,enabled,Number of non index pages written (innodb_non_index_pages_written),0,0,0,NULL,buffer,NULL,0,19862,2020-11-11 18:52:25,NULL,NULL,0,NULL
buffer_pages_read,status_counter,enabled,Number of pages read (innodb_pages_read),221,0.011126774745745645,221,NULL,buffer,NULL,221,19862,2020-11-11 18:52:25,NULL,NULL,221,NULL
buffer_pages0_read,status_counter,enabled,Number of page 0 read (innodb_pages0_read),8,0.0004027791763165844,8,NULL,buffer,NULL,8,19862,2020-11-11 18:52:25,NULL,NULL,8,NULL
buffer_index_sec_rec_cluster_reads,status_counter,enabled,Number of secondary record reads triggered cluster read,0,0,0,NULL,buffer,NULL,0,19862,2020-11-11 18:52:25,NULL,NULL,0,NULL
buffer_index_sec_rec_cluster_reads_avoided,status_counter,enabled,Number of secondary record reads avoided triggering cluster read,0,0,0,NULL,buffer,NULL,0,19862,2020-11-11 18:52:25,NULL,NULL,0,NULL
buffer_data_reads,status_counter,enabled,Amount of data read in bytes (innodb_data_reads),3705344,186.55442553619977,3705344,NULL,buffer,NULL,3705344,19862,2020-11-11 18:52:25,NULL,NULL,3705344,NULL
buffer_data_written,status_counter,enabled,Amount of data written in bytes (innodb_data_written),8703488,438.1979659651596,8703488,NULL,buffer,NULL,8703488,19862,2020-11-11 18:52:25,NULL,NULL,8703488,NULL
buffer_flush_batch_scanned,set_owner,disabled,Total pages scanned as part of flush batch,0,NULL,NULL,NULL,buffer,NULL,0,NULL,NULL,NULL,NULL,NULL,NULL
buffer_flush_batch_num_scan,set_member,disabled,Number of times buffer flush list flush is called,0,NULL,NULL,NULL,buffer,NULL,0,NULL,NULL,NULL,NULL,NULL,NULL
buffer_flush_batch_scanned_per_call,set_member,disabled,Pages scanned per flush batch scan,0,NULL,NULL,NULL,buffer,NULL,0,NULL,NULL,NULL,NULL,NULL,NULL
buffer_flush_batch_total_pages,set_owner,disabled,Total pages flushed as part of flush batch,0,NULL,NULL,NULL,buffer,NULL,0,NULL,NULL,NULL,NULL,NULL,NULL
buffer_flush_batches,set_member,disabled,Number of flush batches,0,NULL,NULL,NULL,buffer,NULL,0,NULL,NULL,NULL,NULL,NULL,NULL
buffer_flush_batch_pages,set_member,disabled,Pages queued as a flush batch,0,NULL,NULL,NULL,buffer,NULL,0,NULL,NULL,NULL,NULL,NULL,NULL
buffer_flush_neighbor_total_pages,set_owner,disabled,Total neighbors flushed as part of neighbor flush,0,NULL,NULL,NULL,buffer,NULL,0,NULL,NULL,NULL,NULL,NULL,NULL
buffer_flush_neighbor,set_member,disabled,Number of times neighbors flushing is invoked,0,NULL,NULL,NULL,buffer,NULL,0,NULL,NULL,NULL,NULL,NULL,NULL
buffer_flush_neighbor_pages,set_member,disabled,Pages queued as a neighbor batch,0,NULL,NULL,NULL,buffer,NULL,0,NULL,NULL,NULL,NULL,NULL,NULL
buffer_flush_n_to_flush_requested,counter,disabled,Number of pages requested for flushing.,0,NULL,NULL,NULL,buffer,NULL,0,NULL,NULL,NULL,NULL,NULL,NULL
buffer_flush_n_to_flush_by_age,counter,disabled,Number of pages target by LSN Age for flushing.,0,NULL,NULL,NULL,buffer,NULL,0,NULL,NULL,NULL,NULL,NULL,NULL
buffer_flush_adaptive_avg_time_slot,counter,disabled,Avg time (ms) spent for adaptive flushing recently per slot.,0,NULL,NULL,NULL,buffer,NULL,0,NULL,NULL,NULL,NULL,NULL,NULL
buffer_LRU_batch_flush_avg_time_slot,counter,disabled,Avg time (ms) spent for LRU batch flushing recently per slot.,0,NULL,NULL,NULL,buffer,NULL,0,NULL,NULL,NULL,NULL,NULL,NULL
buffer_flush_adaptive_avg_time_thread,counter,disabled,Avg time (ms) spent for adaptive flushing recently per thread.,0,NULL,NULL,NULL,buffer,NULL,0,NULL,NULL,NULL,NULL,NULL,NULL
buffer_LRU_batch_flush_avg_time_thread,counter,disabled,Avg time (ms) spent for LRU batch flushing recently per thread.,0,NULL,NULL,NULL,buffer,NULL,0,NULL,NULL,NULL,NULL,NULL,NULL
buffer_flush_adaptive_avg_time_est,counter,disabled,Estimated time (ms) spent for adaptive flushing recently.,0,NULL,NULL,NULL,buffer,NULL,0,NULL,NULL,NULL,NULL,NULL,NULL
buffer_LRU_batch_flush_avg_time_est,counter,disabled,Estimated time (ms) spent for LRU batch flushing recently.,0,NULL,NULL,NULL,buffer,NULL,0,NULL,NULL,NULL,NULL,NULL,NULL
buffer_flush_avg_time,counter,disabled,Avg time (ms) spent for flushing recently.,0,NULL,NULL,NULL,buffer,NULL,0,NULL,NULL,NULL,NULL,NULL,NULL
buffer_flush_adaptive_avg_pass,counter,disabled,Number of adaptive flushes passed during the recent Avg period.,0,NULL,NULL,NULL,buffer,NULL,0,NULL,NULL,NULL,NULL,NULL,NULL
buffer_LRU_batch_flush_avg_pass,counter,disabled,Number of LRU batch flushes passed during the recent Avg period.,0,NULL,NULL,NULL,buffer,NULL,0,NULL,NULL,NULL,NULL,NULL,NULL
buffer_flush_avg_pass,counter,disabled,Number of flushes passed during the recent Avg period.,0,NULL,NULL,NULL,buffer,NULL,0,NULL,NULL,NULL,NULL,NULL,NULL
buffer_LRU_get_free_loops,counter,disabled,Total loops in LRU get free.,0,NULL,NULL,NULL,buffer,NULL,0,NULL,NULL,NULL,NULL,NULL,NULL
buffer_LRU_get_free_waits,counter,disabled,Total sleep waits in LRU get free.,0,NULL,NULL,NULL,buffer,NULL,0,NULL,NULL,NULL,NULL,NULL,NULL
buffer_flush_avg_page_rate,counter,disabled,Average number of pages at which flushing is happening,0,NULL,NULL,NULL,buffer,NULL,0,NULL,NULL,NULL,NULL,NULL,NULL
buffer_flush_lsn_avg_rate,counter,disabled,Average redo generation rate,0,NULL,NULL,NULL,buffer,NULL,0,NULL,NULL,NULL,NULL,NULL,NULL
buffer_flush_pct_for_dirty,counter,disabled,Percent of IO capacity used to avoid max dirty page limit,0,NULL,NULL,NULL,buffer,NULL,0,NULL,NULL,NULL,NULL,NULL,NULL
buffer_flush_pct_for_lsn,counter,disabled,Percent of IO capacity used to avoid reusable redo space limit,0,NULL,NULL,NULL,buffer,NULL,0,NULL,NULL,NULL,NULL,NULL,NULL
buffer_flush_sync_waits,counter,disabled,Number of times a wait happens due to sync flushing,0,NULL,NULL,NULL,buffer,NULL,0,NULL,NULL,NULL,NULL,NULL,NULL
buffer_flush_adaptive_total_pages,set_owner,disabled,Total pages flushed as part of adaptive flushing,0,NULL,NULL,NULL,buffer,NULL,0,NULL,NULL,NULL,NULL,NULL,NULL
buffer_flush_adaptive,set_member,disabled,Number of adaptive batches,0,NULL,NULL,NULL,buffer,NULL,0,NULL,NULL,NULL,NULL,NULL,NULL
buffer_flush_adaptive_pages,set_member,disabled,Pages queued as an adaptive batch,0,NULL,NULL,NULL,buffer,NULL,0,NULL,NULL,NULL,NULL,NULL,NULL
buffer_flush_sync_total_pages,set_owner,disabled,Total pages flushed as part of sync batches,0,NULL,NULL,NULL,buffer,NULL,0,NULL,NULL,NULL,NULL,NULL,NULL
buffer_flush_sync,set_member,disabled,Number of sync batches,0,NULL,NULL,NULL,buffer,NULL,0,NULL,NULL,NULL,NULL,NULL,NULL
buffer_flush_sync_pages,set_member,disabled,Pages queued as a sync batch,0,NULL,NULL,NULL,buffer,NULL,0,NULL,NULL,NULL,NULL,NULL,NULL
buffer_flush_background_total_pages,set_owner,disabled,Total pages flushed as part of background batches,0,NULL,NULL,NULL,buffer,NULL,0,NULL,NULL,NULL,NULL,NULL,NULL
buffer_flush_background,set_member,disabled,Number of background batches,0,NULL,NULL,NULL,buffer,NULL,0,NULL,NULL,NULL,NULL,NULL,NULL
buffer_flush_background_pages,set_member,disabled,Pages queued as a background batch,0,NULL,NULL,NULL,buffer,NULL,0,NULL,NULL,NULL,NULL,NULL,NULL
buffer_LRU_batch_scanned,set_owner,disabled,Total pages scanned as part of LRU batch,0,NULL,NULL,NULL,buffer,NULL,0,NULL,NULL,NULL,NULL,NULL,NULL
buffer_LRU_batch_num_scan,set_member,disabled,Number of times LRU batch is called,0,NULL,NULL,NULL,buffer,NULL,0,NULL,NULL,NULL,NULL,NULL,NULL
buffer_LRU_batch_scanned_per_call,set_member,disabled,Pages scanned per LRU batch call,0,NULL,NULL,NULL,buffer,NULL,0,NULL,NULL,NULL,NULL,NULL,NULL
buffer_LRU_batch_flush_total_pages,set_owner,disabled,Total pages flushed as part of LRU batches,0,NULL,NULL,NULL,buffer,NULL,0,NULL,NULL,NULL,NULL,NULL,NULL
buffer_LRU_batches_flush,set_member,disabled,Number of LRU batches,0,NULL,NULL,NULL,buffer,NULL,0,NULL,NULL,NULL,NULL,NULL,NULL
buffer_LRU_batch_flush_pages,set_member,disabled,Pages queued as an LRU batch,0,NULL,NULL,NULL,buffer,NULL,0,NULL,NULL,NULL,NULL,NULL,NULL
buffer_LRU_batch_evict_total_pages,set_owner,disabled,Total pages evicted as part of LRU batches,0,NULL,NULL,NULL,buffer,NULL,0,NULL,NULL,NULL,NULL,NULL,NULL
buffer_LRU_batches_evict,set_member,disabled,Number of LRU batches,0,NULL,NULL,NULL,buffer,NULL,0,NULL,NULL,NULL,NULL,NULL,NULL
buffer_LRU_batch_evict_pages,set_member,disabled,Pages queued as an LRU batch,0,NULL,NULL,NULL,buffer,NULL,0,NULL,NULL,NULL,NULL,NULL,NULL
buffer_LRU_single_flush_scanned,set_owner,disabled,Total pages scanned as part of single page LRU flush,0,NULL,NULL,NULL,buffer,NULL,0,NULL,NULL,NULL,NULL,NULL,NULL
buffer_LRU_single_flush_num_scan,set_member,disabled,Number of times single page LRU flush is called,0,NULL,NULL,NULL,buffer,NULL,0,NULL,NULL,NULL,NULL,NULL,NULL
buffer_LRU_single_flush_scanned_per_call,set_member,disabled,Page scanned per single LRU flush,0,NULL,NULL,NULL,buffer,NULL,0,NULL,NULL,NULL,NULL,NULL,NULL
buffer_LRU_single_flush_failure_count,counter,disabled,Number of times attempt to flush a single page from LRU failed,0,NULL,NULL,NULL,Buffer,NULL,0,NULL,NULL,NULL,NULL,NULL,NULL
buffer_LRU_get_free_search,counter,disabled,Number of searches performed for a clean page,0,NULL,NULL,NULL,Buffer,NULL,0,NULL,NULL,NULL,NULL,NULL,NULL
buffer_LRU_search_scanned,set_owner,disabled,Total pages scanned as part of LRU search,0,NULL,NULL,NULL,buffer,NULL,0,NULL,NULL,NULL,NULL,NULL,NULL
buffer_LRU_search_num_scan,set_member,disabled,Number of times LRU search is performed,0,NULL,NULL,NULL,buffer,NULL,0,NULL,NULL,NULL,NULL,NULL,NULL
buffer_LRU_search_scanned_per_call,set_member,disabled,Page scanned per single LRU search,0,NULL,NULL,NULL,buffer,NULL,0,NULL,NULL,NULL,NULL,NULL,NULL
buffer_LRU_unzip_search_scanned,set_owner,disabled,Total pages scanned as part of LRU unzip search,0,NULL,NULL,NULL,buffer,NULL,0,NULL,NULL,NULL,NULL,NULL,NULL
buffer_LRU_unzip_search_num_scan,set_member,disabled,Number of times LRU unzip search is performed,0,NULL,NULL,NULL,buffer,NULL,0,NULL,NULL,NULL,NULL,NULL,NULL
buffer_LRU_unzip_search_scanned_per_call,set_member,disabled,Page scanned per single LRU unzip search,0,NULL,NULL,NULL,buffer,NULL,0,NULL,NULL,NULL,NULL,NULL,NULL
buffer_page_read_index_leaf,counter,disabled,Number of Index Leaf Pages read,0,NULL,NULL,NULL,buffer_page_io,NULL,0,NULL,NULL,NULL,NULL,NULL,NULL
buffer_page_read_index_non_leaf,counter,disabled,Number of Index Non-leaf Pages read,0,NULL,NULL,NULL,buffer_page_io,NULL,0,NULL,NULL,NULL,NULL,NULL,NULL
buffer_page_read_index_ibuf_leaf,counter,disabled,Number of Insert Buffer Index Leaf Pages read,0,NULL,NULL,NULL,buffer_page_io,NULL,0,NULL,NULL,NULL,NULL,NULL,NULL
buffer_page_read_index_ibuf_non_leaf,counter,disabled,Number of Insert Buffer Index Non-Leaf Pages read,0,NULL,NULL,NULL,buffer_page_io,NULL,0,NULL,NULL,NULL,NULL,NULL,NULL
buffer_page_read_undo_log,counter,disabled,Number of Undo Log Pages read,0,NULL,NULL,NULL,buffer_page_io,NULL,0,NULL,NULL,NULL,NULL,NULL,NULL
buffer_page_read_index_inode,counter,disabled,Number of Index Inode Pages read,0,NULL,NULL,NULL,buffer_page_io,NULL,0,NULL,NULL,NULL,NULL,NULL,NULL
buffer_page_read_ibuf_free_list,counter,disabled,Number of Insert Buffer Free List Pages read,0,NULL,NULL,NULL,buffer_page_io,NULL,0,NULL,NULL,NULL,NULL,NULL,NULL
buffer_page_read_ibuf_bitmap,counter,disabled,Number of Insert Buffer Bitmap Pages read,0,NULL,NULL,NULL,buffer_page_io,NULL,0,NULL,NULL,NULL,NULL,NULL,NULL
buffer_page_read_system_page,counter,disabled,Number of System Pages read,0,NULL,NULL,NULL,buffer_page_io,NULL,0,NULL,NULL,NULL,NULL,NULL,NULL
buffer_page_read_trx_system,counter,disabled,Number of Transaction System Pages read,0,NULL,NULL,NULL,buffer_page_io,NULL,0,NULL,NULL,NULL,NULL,NULL,NULL
buffer_page_read_fsp_hdr,counter,disabled,Number of File Space Header Pages read,0,NULL,NULL,NULL,buffer_page_io,NULL,0,NULL,NULL,NULL,NULL,NULL,NULL
buffer_page_read_xdes,counter,disabled,Number of Extent Descriptor Pages read,0,NULL,NULL,NULL,buffer_page_io,NULL,0,NULL,NULL,NULL,NULL,NULL,NULL
buffer_page_read_blob,counter,disabled,Number of Uncompressed BLOB Pages read,0,NULL,NULL,NULL,buffer_page_io,NULL,0,NULL,NULL,NULL,NULL,NULL,NULL
buffer_page_read_zblob,counter,disabled,Number of First Compressed BLOB Pages read,0,NULL,NULL,NULL,buffer_page_io,NULL,0,NULL,NULL,NULL,NULL,NULL,NULL
buffer_page_read_zblob2,counter,disabled,Number of Subsequent Compressed BLOB Pages read,0,NULL,NULL,NULL,buffer_page_io,NULL,0,NULL,NULL,NULL,NULL,NULL,NULL
buffer_page_read_other,counter,disabled,Number of other/unknown (old version of InnoDB) Pages read,0,NULL,NULL,NULL,buffer_page_io,NULL,0,NULL,NULL,NULL,NULL,NULL,NULL
buffer_page_written_index_leaf,counter,disabled,Number of Index Leaf Pages written,0,NULL,NULL,NULL,buffer_page_io,NULL,0,NULL,NULL,NULL,NULL,NULL,NULL
buffer_page_written_index_non_leaf,counter,disabled,Number of Index Non-leaf Pages written,0,NULL,NULL,NULL,buffer_page_io,NULL,0,NULL,NULL,NULL,NULL,NULL,NULL
buffer_page_written_index_ibuf_leaf,counter,disabled,Number of Insert Buffer Index Leaf Pages written,0,NULL,NULL,NULL,buffer_page_io,NULL,0,NULL,NULL,NULL,NULL,NULL,NULL
buffer_page_written_index_ibuf_non_leaf,counter,disabled,Number of Insert Buffer Index Non-Leaf Pages written,0,NULL,NULL,NULL,buffer_page_io,NULL,0,NULL,NULL,NULL,NULL,NULL,NULL
buffer_page_written_undo_log,counter,disabled,Number of Undo Log Pages written,0,NULL,NULL,NULL,buffer_page_io,NULL,0,NULL,NULL,NULL,NULL,NULL,NULL
buffer_page_written_index_inode,counter,disabled,Number of Index Inode Pages written,0,NULL,NULL,NULL,buffer_page_io,NULL,0,NULL,NULL,NULL,NULL,NULL,NULL
buffer_page_written_ibuf_free_list,counter,disabled,Number of Insert Buffer Free List Pages written,0,NULL,NULL,NULL,buffer_page_io,NULL,0,NULL,NULL,NULL,NULL,NULL,NULL
buffer_page_written_ibuf_bitmap,counter,disabled,Number of Insert Buffer Bitmap Pages written,0,NULL,NULL,NULL,buffer_page_io,NULL,0,NULL,NULL,NULL,NULL,NULL,NULL
buffer_page_written_system_page,counter,disabled,Number of System Pages written,0,NULL,NULL,NULL,buffer_page_io,NULL,0,NULL,NULL,NULL,NULL,NULL,NULL
buffer_page_written_trx_system,counter,disabled,Number of Transaction System Pages written,0,NULL,NULL,NULL,buffer_page_io,NULL,0,NULL,NULL,NULL,NULL,NULL,NULL
buffer_page_written_fsp_hdr,counter,disabled,Number of File Space Header Pages written,0,NULL,NULL,NULL,buffer_page_io,NULL,0,NULL,NULL,NULL,NULL,NULL,NULL
buffer_page_written_xdes,counter,disabled,Number of Extent Descriptor Pages written,0,NULL,NULL,NULL,buffer_page_io,NULL,0,NULL,NULL,NULL,NULL,NULL,NULL
buffer_page_written_blob,counter,disabled,Number of Uncompressed BLOB Pages written,0,NULL,NULL,NULL,buffer_page_io,NULL,0,NULL,NULL,NULL,NULL,NULL,NULL
buffer_page_written_zblob,counter,disabled,Number of First Compressed BLOB Pages written,0,NULL,NULL,NULL,buffer_page_io,NULL,0,NULL,NULL,NULL,NULL,NULL,NULL
buffer_page_written_zblob2,counter,disabled,Number of Subsequent Compressed BLOB Pages written,0,NULL,NULL,NULL,buffer_page_io,NULL,0,NULL,NULL,NULL,NULL,NULL,NULL
buffer_page_written_other,counter,disabled,Number of other/unknown (old version InnoDB) Pages written,0,NULL,NULL,NULL,buffer_page_io,NULL,0,NULL,NULL,NULL,NULL,NULL,NULL
os_data_reads,status_counter,enabled,Number of reads initiated (innodb_data_reads),240,0.012082158679017317,240,NULL,os,NULL,240,19864,2020-11-11 18:52:25,NULL,NULL,240,NULL
os_data_writes,status_counter,enabled,Number of writes initiated (innodb_data_writes),504,0.025372533225936366,504,NULL,os,NULL,504,19864,2020-11-11 18:52:25,NULL,NULL,504,NULL
os_data_fsyncs,status_counter,enabled,Number of fsync() calls (innodb_data_fsyncs),233,0.011729762384212646,233,NULL,os,NULL,233,19864,2020-11-11 18:52:25,NULL,NULL,233,NULL
os_pending_reads,counter,enabled,Number of reads pending,0,0,NULL,0,os,NULL,0,19864,2020-11-11 18:52:25,NULL,NULL,NULL,0
os_pending_writes,counter,enabled,Number of writes pending,0,0,NULL,0,os,NULL,0,19864,2020-11-11 18:52:25,NULL,NULL,NULL,0
os_log_bytes_written,status_counter,enabled,Bytes of log written (innodb_os_log_written),109568,5.515908175594039,109568,NULL,os,NULL,109568,19864,2020-11-11 18:52:25,NULL,NULL,109568,NULL
os_log_fsyncs,status_counter,enabled,Number of fsync log writes (innodb_os_log_fsyncs),152,0.0076520338300443014,152,NULL,os,NULL,152,19864,2020-11-11 18:52:25,NULL,NULL,152,NULL
os_log_pending_fsyncs,status_counter,enabled,Number of pending fsync write (innodb_os_log_pending_fsyncs),0,0,0,0,os,NULL,0,19864,2020-11-11 18:52:25,NULL,NULL,0,0
os_log_pending_writes,status_counter,enabled,Number of pending log file writes (innodb_os_log_pending_writes),0,0,0,0,os,NULL,0,19864,2020-11-11 18:52:25,NULL,NULL,0,0
trx_rw_commits,counter,disabled,Number of read-write transactions  committed,0,NULL,NULL,NULL,transaction,NULL,0,NULL,NULL,NULL,NULL,NULL,NULL
trx_ro_commits,counter,disabled,Number of read-only transactions committed,0,NULL,NULL,NULL,transaction,NULL,0,NULL,NULL,NULL,NULL,NULL,NULL
trx_nl_ro_commits,counter,disabled,Number of non-locking auto-commit read-only transactions committed,0,NULL,NULL,NULL,transaction,NULL,0,NULL,NULL,NULL,NULL,NULL,NULL
trx_commits_insert_update,counter,disabled,Number of transactions committed with inserts and updates,0,NULL,NULL,NULL,transaction,NULL,0,NULL,NULL,NULL,NULL,NULL,NULL
trx_rollbacks,counter,disabled,Number of transactions rolled back,0,NULL,NULL,NULL,transaction,NULL,0,NULL,NULL,NULL,NULL,NULL,NULL
trx_rollbacks_savepoint,counter,disabled,Number of transactions rolled back to savepoint,0,NULL,NULL,NULL,transaction,NULL,0,NULL,NULL,NULL,NULL,NULL,NULL
trx_rollback_active,counter,disabled,Number of resurrected active transactions rolled back,0,NULL,NULL,NULL,transaction,NULL,0,NULL,NULL,NULL,NULL,NULL,NULL
trx_active_transactions,counter,disabled,Number of active transactions,0,NULL,NULL,NULL,transaction,NULL,0,NULL,NULL,NULL,NULL,NULL,NULL
trx_rseg_history_len,value,enabled,Length of the TRX_RSEG_HISTORY list,0,NULL,0,0,transaction,NULL,0,19864,2020-11-11 18:52:25,NULL,NULL,0,0
trx_undo_slots_used,counter,disabled,Number of undo slots used,0,NULL,NULL,NULL,transaction,NULL,0,NULL,NULL,NULL,NULL,NULL,NULL
trx_undo_slots_cached,counter,disabled,Number of undo slots cached,0,NULL,NULL,NULL,transaction,NULL,0,NULL,NULL,NULL,NULL,NULL,NULL
trx_rseg_current_size,value,disabled,Current rollback segment size in pages,0,NULL,NULL,NULL,transaction,NULL,0,NULL,NULL,NULL,NULL,NULL,NULL
purge_del_mark_records,counter,disabled,Number of delete-marked rows purged,0,NULL,NULL,NULL,purge,NULL,0,NULL,NULL,NULL,NULL,NULL,NULL
purge_upd_exist_or_extern_records,counter,disabled,Number of purges on updates of existing records and updates on delete marked record with externally stored field,0,NULL,NULL,NULL,purge,NULL,0,NULL,NULL,NULL,NULL,NULL,NULL
purge_invoked,counter,disabled,Number of times purge was invoked,0,NULL,NULL,NULL,purge,NULL,0,NULL,NULL,NULL,NULL,NULL,NULL
purge_undo_log_pages,counter,disabled,Number of undo log pages handled by the purge,0,NULL,NULL,NULL,purge,NULL,0,NULL,NULL,NULL,NULL,NULL,NULL
purge_dml_delay_usec,value,disabled,Microseconds DML to be delayed due to purge lagging,0,NULL,NULL,NULL,purge,NULL,0,NULL,NULL,NULL,NULL,NULL,NULL
purge_stop_count,value,disabled,Number of times purge was stopped,0,NULL,NULL,NULL,purge,NULL,0,NULL,NULL,NULL,NULL,NULL,NULL
purge_resume_count,value,disabled,Number of times purge was resumed,0,NULL,NULL,NULL,purge,NULL,0,NULL,NULL,NULL,NULL,NULL,NULL
log_checkpoints,counter,disabled,Number of checkpoints,0,NULL,NULL,NULL,recovery,NULL,0,NULL,NULL,NULL,NULL,NULL,NULL
log_lsn_last_flush,value,disabled,LSN of Last flush,0,NULL,NULL,NULL,recovery,NULL,0,NULL,NULL,NULL,NULL,NULL,NULL
log_lsn_last_checkpoint,value,disabled,LSN at last checkpoint,0,NULL,NULL,NULL,recovery,NULL,0,NULL,NULL,NULL,NULL,NULL,NULL
log_lsn_current,value,disabled,Current LSN value,0,NULL,NULL,NULL,recovery,NULL,0,NULL,NULL,NULL,NULL,NULL,NULL
log_lsn_checkpoint_age,counter,disabled,Current LSN value minus LSN at last checkpoint,0,NULL,NULL,NULL,recovery,NULL,0,NULL,NULL,NULL,NULL,NULL,NULL
log_lsn_buf_pool_oldest,value,disabled,The oldest modified block LSN in the buffer pool,0,NULL,NULL,NULL,recovery,NULL,0,NULL,NULL,NULL,NULL,NULL,NULL
log_max_modified_age_async,value,disabled,"Maximum LSN difference; when exceeded, start asynchronous preflush",0,NULL,NULL,NULL,recovery,NULL,0,NULL,NULL,NULL,NULL,NULL,NULL
log_max_modified_age_sync,value,disabled,"Maximum LSN difference; when exceeded, start synchronous preflush",0,NULL,NULL,NULL,recovery,NULL,0,NULL,NULL,NULL,NULL,NULL,NULL
log_pending_log_flushes,value,disabled,Pending log flushes,0,NULL,NULL,NULL,recovery,NULL,0,NULL,NULL,NULL,NULL,NULL,NULL
log_pending_checkpoint_writes,value,disabled,Pending checkpoints,0,NULL,NULL,NULL,recovery,NULL,0,NULL,NULL,NULL,NULL,NULL,NULL
log_num_log_io,value,disabled,Number of log I/Os,0,NULL,NULL,NULL,recovery,NULL,0,NULL,NULL,NULL,NULL,NULL,NULL
log_waits,status_counter,enabled,Number of log waits due to small log buffer (innodb_log_waits),0,0,0,NULL,recovery,NULL,0,19865,2020-11-11 18:52:25,NULL,NULL,0,NULL
log_write_requests,status_counter,enabled,Number of log write requests (innodb_log_write_requests),63,0.0031714069972313113,63,NULL,recovery,NULL,63,19865,2020-11-11 18:52:25,NULL,NULL,63,NULL
log_writes,status_counter,enabled,Number of log writes (innodb_log_writes),103,0.00518499874150516,103,NULL,recovery,NULL,103,19865,2020-11-11 18:52:25,NULL,NULL,103,NULL
log_padded,status_counter,enabled,Bytes of log padded for log write ahead,26624,1.3402466649886735,26624,NULL,recovery,NULL,26624,19865,2020-11-11 18:52:25,NULL,NULL,26624,NULL
compress_pages_compressed,counter,disabled,Number of pages compressed,0,NULL,NULL,NULL,compression,NULL,0,NULL,NULL,NULL,NULL,NULL,NULL
compress_pages_decompressed,counter,disabled,Number of pages decompressed,0,NULL,NULL,NULL,compression,NULL,0,NULL,NULL,NULL,NULL,NULL,NULL
compression_pad_increments,counter,disabled,Number of times padding is incremented to avoid compression failures,0,NULL,NULL,NULL,compression,NULL,0,NULL,NULL,NULL,NULL,NULL,NULL
compression_pad_decrements,counter,disabled,Number of times padding is decremented due to good compressibility,0,NULL,NULL,NULL,compression,NULL,0,NULL,NULL,NULL,NULL,NULL,NULL
compress_saved,counter,disabled,Number of bytes saved by page compression,0,NULL,NULL,NULL,compression,NULL,0,NULL,NULL,NULL,NULL,NULL,NULL
compress_pages_page_compressed,counter,disabled,Number of pages compressed by page compression,0,NULL,NULL,NULL,compression,NULL,0,NULL,NULL,NULL,NULL,NULL,NULL
compress_page_compressed_trim_op,counter,disabled,Number of TRIM operation performed by page compression,0,NULL,NULL,NULL,compression,NULL,0,NULL,NULL,NULL,NULL,NULL,NULL
compress_pages_page_decompressed,counter,disabled,Number of pages decompressed by page compression,0,NULL,NULL,NULL,compression,NULL,0,NULL,NULL,NULL,NULL,NULL,NULL
compress_pages_page_compression_error,counter,disabled,Number of page compression errors,0,NULL,NULL,NULL,compression,NULL,0,NULL,NULL,NULL,NULL,NULL,NULL
compress_pages_encrypted,counter,disabled,Number of pages encrypted,0,NULL,NULL,NULL,compression,NULL,0,NULL,NULL,NULL,NULL,NULL,NULL
compress_pages_decrypted,counter,disabled,Number of pages decrypted,0,NULL,NULL,NULL,compression,NULL,0,NULL,NULL,NULL,NULL,NULL,NULL
index_page_splits,counter,disabled,Number of index page splits,0,NULL,NULL,NULL,index,NULL,0,NULL,NULL,NULL,NULL,NULL,NULL
index_page_merge_attempts,counter,disabled,Number of index page merge attempts,0,NULL,NULL,NULL,index,NULL,0,NULL,NULL,NULL,NULL,NULL,NULL
index_page_merge_successful,counter,disabled,Number of successful index page merges,0,NULL,NULL,NULL,index,NULL,0,NULL,NULL,NULL,NULL,NULL,NULL
index_page_reorg_attempts,counter,disabled,Number of index page reorganization attempts,0,NULL,NULL,NULL,index,NULL,0,NULL,NULL,NULL,NULL,NULL,NULL
index_page_reorg_successful,counter,disabled,Number of successful index page reorganizations,0,NULL,NULL,NULL,index,NULL,0,NULL,NULL,NULL,NULL,NULL,NULL
index_page_discards,counter,disabled,Number of index pages discarded,0,NULL,NULL,NULL,index,NULL,0,NULL,NULL,NULL,NULL,NULL,NULL
adaptive_hash_searches,status_counter,enabled,Number of successful searches using Adaptive Hash Index,547,0.027535867102944877,547,NULL,adaptive_hash_index,NULL,547,19865,2020-11-11 18:52:25,NULL,NULL,547,NULL
adaptive_hash_searches_btree,status_counter,enabled,Number of searches using B-tree on an index search,1006,0.05063928319742273,1006,NULL,adaptive_hash_index,NULL,1006,19866,2020-11-11 18:52:25,NULL,NULL,1006,NULL
adaptive_hash_pages_added,counter,disabled,Number of index pages on which the Adaptive Hash Index is built,0,NULL,NULL,NULL,adaptive_hash_index,NULL,0,NULL,NULL,NULL,NULL,NULL,NULL
adaptive_hash_pages_removed,counter,disabled,Number of index pages whose corresponding Adaptive Hash Index entries were removed,0,NULL,NULL,NULL,adaptive_hash_index,NULL,0,NULL,NULL,NULL,NULL,NULL,NULL
adaptive_hash_rows_added,counter,disabled,Number of Adaptive Hash Index rows added,0,NULL,NULL,NULL,adaptive_hash_index,NULL,0,NULL,NULL,NULL,NULL,NULL,NULL
adaptive_hash_rows_removed,counter,disabled,Number of Adaptive Hash Index rows removed,0,NULL,NULL,NULL,adaptive_hash_index,NULL,0,NULL,NULL,NULL,NULL,NULL,NULL
adaptive_hash_rows_deleted_no_hash_entry,counter,disabled,Number of rows deleted that did not have corresponding Adaptive Hash Index entries,0,NULL,NULL,NULL,adaptive_hash_index,NULL,0,NULL,NULL,NULL,NULL,NULL,NULL
adaptive_hash_rows_updated,counter,disabled,Number of Adaptive Hash Index rows updated,0,NULL,NULL,NULL,adaptive_hash_index,NULL,0,NULL,NULL,NULL,NULL,NULL,NULL
file_num_open_files,value,enabled,Number of files currently open (innodb_num_open_files),11,NULL,11,11,file_system,NULL,11,19866,2020-11-11 18:52:25,NULL,NULL,11,11
ibuf_merges_insert,status_counter,enabled,Number of inserted records merged by change buffering,0,0,0,NULL,change_buffer,NULL,0,19866,2020-11-11 18:52:25,NULL,NULL,0,NULL
ibuf_merges_delete_mark,status_counter,enabled,Number of deleted records merged by change buffering,0,0,0,NULL,change_buffer,NULL,0,19866,2020-11-11 18:52:25,NULL,NULL,0,NULL
ibuf_merges_delete,status_counter,enabled,Number of purge records merged by change buffering,0,0,0,NULL,change_buffer,NULL,0,19866,2020-11-11 18:52:25,NULL,NULL,0,NULL
ibuf_merges_discard_insert,status_counter,enabled,Number of insert merged operations discarded,0,0,0,NULL,change_buffer,NULL,0,19866,2020-11-11 18:52:25,NULL,NULL,0,NULL
ibuf_merges_discard_delete_mark,status_counter,enabled,Number of deleted merged operations discarded,0,0,0,NULL,change_buffer,NULL,0,19866,2020-11-11 18:52:25,NULL,NULL,0,NULL
ibuf_merges_discard_delete,status_counter,enabled,Number of purge merged  operations discarded,0,0,0,NULL,change_buffer,NULL,0,19866,2020-11-11 18:52:25,NULL,NULL,0,NULL
ibuf_merges,status_counter,enabled,Number of change buffer merges,0,0,0,NULL,change_buffer,NULL,0,19866,2020-11-11 18:52:25,NULL,NULL,0,NULL
ibuf_size,status_counter,enabled,Change buffer size in pages,1,0.00005033725963958522,1,NULL,change_buffer,NULL,1,19866,2020-11-11 18:52:25,NULL,NULL,1,NULL
innodb_master_thread_sleeps,counter,disabled,Number of times (seconds) master thread sleeps,0,NULL,NULL,NULL,server,NULL,0,NULL,NULL,NULL,NULL,NULL,NULL
innodb_activity_count,status_counter,enabled,Current server activity count,0,0,0,NULL,server,NULL,0,19866,2020-11-11 18:52:25,NULL,NULL,0,NULL
innodb_master_active_loops,counter,disabled,Number of times master thread performs its tasks when server is active,0,NULL,NULL,NULL,server,NULL,0,NULL,NULL,NULL,NULL,NULL,NULL
innodb_master_idle_loops,counter,disabled,Number of times master thread performs its tasks when server is idle,0,NULL,NULL,NULL,server,NULL,0,NULL,NULL,NULL,NULL,NULL,NULL
innodb_background_drop_table_usec,counter,disabled,Time (in microseconds) spent to process drop table list,0,NULL,NULL,NULL,server,NULL,0,NULL,NULL,NULL,NULL,NULL,NULL
innodb_ibuf_merge_usec,counter,disabled,Time (in microseconds) spent to process change buffer merge,0,NULL,NULL,NULL,server,NULL,0,NULL,NULL,NULL,NULL,NULL,NULL
innodb_log_flush_usec,counter,disabled,Time (in microseconds) spent to flush log records,0,NULL,NULL,NULL,server,NULL,0,NULL,NULL,NULL,NULL,NULL,NULL
innodb_mem_validate_usec,counter,disabled,Time (in microseconds) spent to do memory validation,0,NULL,NULL,NULL,server,NULL,0,NULL,NULL,NULL,NULL,NULL,NULL
innodb_master_purge_usec,counter,disabled,Time (in microseconds) spent by master thread to purge records,0,NULL,NULL,NULL,server,NULL,0,NULL,NULL,NULL,NULL,NULL,NULL
innodb_dict_lru_usec,counter,disabled,Time (in microseconds) spent to process DICT LRU list,0,NULL,NULL,NULL,server,NULL,0,NULL,NULL,NULL,NULL,NULL,NULL
innodb_dict_lru_count_active,counter,disabled,Number of tables evicted from DICT LRU list in the active loop,0,NULL,NULL,NULL,server,NULL,0,NULL,NULL,NULL,NULL,NULL,NULL
innodb_dict_lru_count_idle,counter,disabled,Number of tables evicted from DICT LRU list in the idle loop,0,NULL,NULL,NULL,server,NULL,0,NULL,NULL,NULL,NULL,NULL,NULL
innodb_checkpoint_usec,counter,disabled,Time (in microseconds) spent by master thread to do checkpoint,0,NULL,NULL,NULL,server,NULL,0,NULL,NULL,NULL,NULL,NULL,NULL
innodb_dblwr_writes,status_counter,enabled,Number of doublewrite operations that have been performed (innodb_dblwr_writes),24,0.0012080942313500453,24,NULL,server,NULL,24,19866,2020-11-11 18:52:25,NULL,NULL,24,NULL
innodb_dblwr_pages_written,status_counter,enabled,Number of pages that have been written for doublewrite operations (innodb_dblwr_pages_written),196,0.009866102889358703,196,NULL,server,NULL,196,19866,2020-11-11 18:52:25,NULL,NULL,196,NULL
innodb_page_size,value,enabled,InnoDB page size in bytes (innodb_page_size),16384,NULL,16384,16384,server,NULL,16384,19866,2020-11-11 18:52:25,NULL,NULL,16384,16384
innodb_rwlock_s_spin_waits,status_counter,enabled,Number of rwlock spin waits due to shared latch request,64,0.003221584616933454,64,NULL,server,NULL,64,19866,2020-11-11 18:52:25,NULL,NULL,64,NULL
innodb_rwlock_x_spin_waits,status_counter,enabled,Number of rwlock spin waits due to exclusive latch request,0,0,0,NULL,server,NULL,0,19866,2020-11-11 18:52:25,NULL,NULL,0,NULL
innodb_rwlock_sx_spin_waits,status_counter,enabled,Number of rwlock spin waits due to sx latch request,0,0,0,NULL,server,NULL,0,19866,2020-11-11 18:52:25,NULL,NULL,0,NULL
innodb_rwlock_s_spin_rounds,status_counter,enabled,Number of rwlock spin loop rounds due to shared latch request,1920,0.09664753850800363,1920,NULL,server,NULL,1920,19866,2020-11-11 18:52:25,NULL,NULL,1920,NULL
innodb_rwlock_x_spin_rounds,status_counter,enabled,Number of rwlock spin loop rounds due to exclusive latch request,0,0,0,NULL,server,NULL,0,19866,2020-11-11 18:52:25,NULL,NULL,0,NULL
innodb_rwlock_sx_spin_rounds,status_counter,enabled,Number of rwlock spin loop rounds due to sx latch request,0,0,0,NULL,server,NULL,0,19866,2020-11-11 18:52:25,NULL,NULL,0,NULL
innodb_rwlock_s_os_waits,status_counter,enabled,Number of OS waits due to shared latch request,64,0.003221584616933454,64,NULL,server,NULL,64,19866,2020-11-11 18:52:25,NULL,NULL,64,NULL
innodb_rwlock_x_os_waits,status_counter,enabled,Number of OS waits due to exclusive latch request,0,0,0,NULL,server,NULL,0,19866,2020-11-11 18:52:25,NULL,NULL,0,NULL
innodb_rwlock_sx_os_waits,status_counter,enabled,Number of OS waits due to sx latch request,0,0,0,NULL,server,NULL,0,19867,2020-11-11 18:52:25,NULL,NULL,0,NULL
dml_reads,status_counter,disabled,Number of rows read,0,NULL,NULL,NULL,dml,NULL,0,NULL,NULL,NULL,NULL,NULL,NULL
dml_inserts,status_counter,enabled,Number of rows inserted,15,0.0007550208889112598,15,NULL,dml,NULL,15,19867,2020-11-11 18:52:25,NULL,NULL,15,NULL
dml_deletes,status_counter,enabled,Number of rows deleted,0,0,0,NULL,dml,NULL,0,19867,2020-11-11 18:52:25,NULL,NULL,0,NULL
dml_updates,status_counter,enabled,Number of rows updated,8,0.0004026778074193386,8,NULL,dml,NULL,8,19867,2020-11-11 18:52:25,NULL,NULL,8,NULL
dml_system_reads,status_counter,enabled,Number of system rows read,0,0,0,NULL,dml,NULL,0,19867,2020-11-11 18:52:25,NULL,NULL,0,NULL
dml_system_inserts,status_counter,enabled,Number of system rows inserted,0,0,0,NULL,dml,NULL,0,19867,2020-11-11 18:52:25,NULL,NULL,0,NULL
dml_system_deletes,status_counter,enabled,Number of system rows deleted,0,0,0,NULL,dml,NULL,0,19867,2020-11-11 18:52:25,NULL,NULL,0,NULL
dml_system_updates,status_counter,enabled,Number of system rows updated,0,0,0,NULL,dml,NULL,0,19867,2020-11-11 18:52:25,NULL,NULL,0,NULL
ddl_background_drop_indexes,counter,disabled,Number of indexes waiting to be dropped after failed index creation,0,NULL,NULL,NULL,ddl,NULL,0,NULL,NULL,NULL,NULL,NULL,NULL
ddl_background_drop_tables,counter,disabled,Number of tables in background drop table list,0,NULL,NULL,NULL,ddl,NULL,0,NULL,NULL,NULL,NULL,NULL,NULL
ddl_online_create_index,counter,disabled,Number of indexes being created online,0,NULL,NULL,NULL,ddl,NULL,0,NULL,NULL,NULL,NULL,NULL,NULL
ddl_pending_alter_table,counter,disabled,"Number of ALTER TABLE, CREATE INDEX, DROP INDEX in progress",0,NULL,NULL,NULL,ddl,NULL,0,NULL,NULL,NULL,NULL,NULL,NULL
ddl_sort_file_alter_table,counter,disabled,Number of sort files created during alter table,0,NULL,NULL,NULL,ddl,NULL,0,NULL,NULL,NULL,NULL,NULL,NULL
ddl_log_file_alter_table,counter,disabled,Number of log files created during alter table,0,NULL,NULL,NULL,ddl,NULL,0,NULL,NULL,NULL,NULL,NULL,NULL
icp_attempts,counter,disabled,Number of attempts for index push-down condition checks,0,NULL,NULL,NULL,icp,NULL,0,NULL,NULL,NULL,NULL,NULL,NULL
icp_no_match,counter,disabled,Index push-down condition does not match,0,NULL,NULL,NULL,icp,NULL,0,NULL,NULL,NULL,NULL,NULL,NULL
icp_out_of_range,counter,disabled,Index push-down condition out of range,0,NULL,NULL,NULL,icp,NULL,0,NULL,NULL,NULL,NULL,NULL,NULL
icp_match,counter,disabled,Index push-down condition matches,0,NULL,NULL,NULL,icp,NULL,0,NULL,NULL,NULL,NULL,NULL,NULL

